﻿<?xml version="1.0" encoding="UTF-8"?>
<root>
  <item name="BattleConfig" md5="6efeaf5cdbb854fbdc5891858ffc3d42" type="4" />
  <item name="BattleFieldOverviewModeExtra" md5="df43d535c8a365c412d61f10538a0dfc" type="4" />
  <item name="Document" md5="107c881535c3eacbf422c2b8b0add77b" type="4" />
  <item name="GuideModeExtra" md5="77b4c95722a8f3d6e3c14f10b27813f6" type="4" />
  <item name="LoadResMgrHigh_and" md5="1b6c9c56f910e904c8d1adfdada2ac48" type="4" />
  <item name="LoadResMgrSimple_and" md5="a6bcae8dea426c5e579d49d802a1a57e" type="4" />
  <item name="LoadResMgr_and" md5="4f19cc8719c27d19c619490b3f39ec91" type="4" />
  <item name="BaseDepend" md5="87387763d10787256e133f624cfba16f" type="1" />
  <item name="ShaderVariants" md5="20fbf411e9d61b2a6cda1d6eb4f9abca" type="1" />
  <item name="ShaderVariantsInBattle" md5="5859bc155bea1b81f1b15dbc8f6261a2" type="1" />
  <item name="Atlas_CommonUI" md5="a36a9f966459ef9d0ef199c42a06d14e" type="0" />
  <item name="UI_MainInterface" md5="5fa471d0127392de4200a5ec6eeceed1" type="0" />
  <item name="PVP_032_low" md5="d6c4f727ad7b8dedb797a72aa3408e33" type="0" />
  <version name="759.1" />
</root>