<Destination="com.mobile.legends"/>
    <int name="PreformanceLvUpdate" value="0" />
    <int name="HighFpsMode" value="60" />
    <int name="ParticleQuality" value="0" />
    <int name="IsMinimalDevice" value="1" />
    <int name="HighDefinition" value="0" />
    <int name="HighFpsGuide" value="1" />
    <int name="bVeryHighQuality" value="0" />
    <int name="game_driver_opt_in_apps" value="com.mobile.legends" />
    <int name="debug.performance.tuning" value="1" />
    <int name="ro.config.hw_quickpoweron" value="true" />
    <int name="ro.media.enc.hprof.vid.fps" value="60" />
   <int name="persist.sys.NV_FPSLIMIT" value="60" />
<Activated="HighFrameRate="60" />
    <int name="overlock60fps"value="true" />
    <int name="custom_game_access_mlbb_fps" value="90.0" />
<supersmoothest />
</procces>
  </ping="20ms"/>
    </MaxPing="60ms"/>
  </Section="cloudflare.Configuration.WebDestination"
<mconfig>   
<alert="set mobile legends bang bang
 <config =/fps/lock/highframerate 60
 write /highframerate.60
 write /ping2ms"   
    
  <procces="highframerate" fps="60fps" HighFrameRate="60,Lock60fps,Ping10ms"/>

<config
"Network="10ms" >/
<int="SmoothSkillRespon=0,1s />
<int="Smooth60fps="Actived"
<int=" <FrameRateSee=True(60)
          
Activated="FrameRateSee="true" </HighFrameRate="60"/
<game="Lock60fps/Smooth/Cpu/Gpu/Speed"

Activated="smoothestGrapich" 
           

<DnsServer="1.1.1.1" Section="AutoSearchBestConecctionEver"
